<?xml version="1.0"?>
<doc>
    <assembly>
        <name>Virtuesoft.Framework.Gateaway</name>
    </assembly>
    <members>
        <member name="T:Virtuesoft.Framework.Gateaway.ApiGateaway">
            <summary>
            默认接口
            用于显示接口文档
            api.doc
            api.query
            api.catalog
            </summary>
        </member>
        <member name="P:Virtuesoft.Framework.Gateaway.ApiGateaway.Display">
            <summary>
            接口描述
            </summary>
        </member>
        <member name="P:Virtuesoft.Framework.Gateaway.ApiGateaway.Controller">
            <summary>
            接口名称
            </summary>
        </member>
        <member name="M:Virtuesoft.Framework.Gateaway.ApiGateaway.Doc">
            <summary>
            接口文档
            </summary>
            <returns></returns>
        </member>
        <member name="M:Virtuesoft.Framework.Gateaway.ApiGateaway.Query(System.String)">
            <summary>
            查询接口
            </summary>
            <param name="name"></param>
            <returns></returns>
        </member>
        <member name="M:Virtuesoft.Framework.Gateaway.ApiGateaway.Catalog">
            <summary>
            接口文档目录
            </summary>
            <returns></returns>
        </member>
        <member name="T:Virtuesoft.Framework.Gateaway.Extensions.Extensions">
            <summary>
            扩展
            </summary>
        </member>
        <member name="M:Virtuesoft.Framework.Gateaway.Extensions.Extensions.Log(Microsoft.AspNetCore.Http.HttpContext,System.String,System.String,System.Boolean)">
            <summary>
            写入日志
            </summary>
            <param name="httpContext"></param>
            <param name="message"></param>
            <param name="title"></param>
            <param name="hasTime"></param>
            <returns></returns>
        </member>
        <member name="M:Virtuesoft.Framework.Gateaway.Extensions.Extensions.Log(Virtuesoft.Framework.Gateaway.GateawayBase,System.String,System.String,System.Boolean)">
            <summary>
            写入日志
            </summary>
            <param name="gateaway"></param>
            <param name="message"></param>
            <param name="title"></param>
            <param name="hasTime"></param>
            <returns></returns>
        </member>
        <member name="M:Virtuesoft.Framework.Gateaway.Extensions.Extensions.UserIpAddress(Microsoft.AspNetCore.Http.HttpContext)">
            <summary>
            获取用户的IP地址
            </summary>
            <param name="httpContext"></param>
            <returns></returns>
        </member>
        <member name="M:Virtuesoft.Framework.Gateaway.Extensions.Extensions.ToXML(System.Collections.Generic.IDictionary{System.String,System.String})">
            <summary>
            将字典转换为xml
            </summary>
            <param name="this"></param>
            <returns></returns>
        </member>
        <member name="M:Virtuesoft.Framework.Gateaway.Extensions.Extensions.ToUrl(System.Collections.Generic.IDictionary{System.String,System.String})">
            <summary>
            将字典排序后转换为url类型
            </summary>
            <param name="this"></param>
            <returns></returns>
        </member>
        <member name="M:Virtuesoft.Framework.Gateaway.Extensions.Extensions.XmlToDictionary(System.String)">
            <summary>
            将xml字符串转换为字典
            </summary>
            <param name="this"></param>
            <returns></returns>
        </member>
        <member name="M:Virtuesoft.Framework.Gateaway.Extensions.Extensions.ToDictionary(System.Xml.Linq.XElement)">
            <summary>
            将xml对象转换为字典
            </summary>
            <param name="this"></param>
            <returns></returns>
        </member>
        <member name="M:Virtuesoft.Framework.Gateaway.Extensions.Extensions.Format(System.Decimal,System.Int32)">
            <summary>
            转换为指定小数位数的数字
            </summary>
            <param name="this"></param>
            <param name="poit"></param>
            <returns></returns>
        </member>
        <member name="M:Virtuesoft.Framework.Gateaway.Extensions.Extensions.Write(Microsoft.AspNetCore.Http.HttpContext,System.String)">
            <summary>
            写入 httpContext
            </summary>
            <param name="httpContext"></param>
            <param name="message"></param>
            <returns></returns>
        </member>
        <member name="M:Virtuesoft.Framework.Gateaway.Extensions.Extensions.Write``1(Microsoft.AspNetCore.Http.HttpContext,``0)">
            <summary>
            写入 httpContext
            </summary>
            <typeparam name="T"></typeparam>
            <param name="httpContext"></param>
            <param name="message"></param>
            <returns></returns>
        </member>
        <member name="M:Virtuesoft.Framework.Gateaway.Extensions.Extensions.Success(Microsoft.AspNetCore.Http.HttpContext,System.Object,System.String)">
            <summary>
            执行成功
            </summary>
            <param name="httpContext"></param>
            <param name="d"></param>
            <param name="message"></param>
            <returns></returns>
        </member>
        <member name="M:Virtuesoft.Framework.Gateaway.Extensions.Extensions.Error(Microsoft.AspNetCore.Http.HttpContext,System.String,System.Int32,System.Object)">
            <summary>
            执行失败
            </summary>
            <param name="httpContext"></param>
            <param name="message"></param>
            <param name="code"></param>
            <param name="d"></param>
            <returns></returns>
        </member>
        <member name="M:Virtuesoft.Framework.Gateaway.Extensions.Extensions.Forms(Microsoft.AspNetCore.Http.HttpContext)">
            <summary>
            获取post过来的所有参数
            </summary>
            <param name="httpContext"></param>
            <returns></returns>
        </member>
        <member name="M:Virtuesoft.Framework.Gateaway.Extensions.Extensions.QueryString(Microsoft.AspNetCore.Http.HttpContext)">
            <summary>
            获取url传递过来的参数
            </summary>
            <param name="httpContext"></param>
            <returns></returns>
        </member>
        <member name="M:Virtuesoft.Framework.Gateaway.Extensions.Extensions.IsNotNullOrEmpty(System.String)">
            <summary>
            字符串是否是空或者null
            </summary>
            <param name="this"></param>
            <returns></returns>
        </member>
        <member name="M:Virtuesoft.Framework.Gateaway.Extensions.Extensions.ToJson(System.Object)">
            <summary>
            转换为json字符串
            </summary>
            <param name="this"></param>
            <returns></returns>
        </member>
        <member name="M:Virtuesoft.Framework.Gateaway.Extensions.Extensions.ToBytes(System.String,System.String)">
            <summary>
            转换为byte[]
            </summary>
            <param name="this"></param>
            <param name="encoding"></param>
            <returns></returns>
        </member>
        <member name="M:Virtuesoft.Framework.Gateaway.Extensions.Extensions.RegisterGateaway``1(Microsoft.Extensions.DependencyInjection.IServiceCollection)">
            <summary>
            注册一个接口
            </summary>
            <typeparam name="T"></typeparam>
            <param name="services"></param>
            <returns></returns>
        </member>
        <member name="M:Virtuesoft.Framework.Gateaway.Extensions.Extensions.AddGateaways(Microsoft.Extensions.DependencyInjection.IServiceCollection)">
            <summary>
            注册所有接口服务
            </summary>
            <param name="services"></param>
            <returns></returns>
        </member>
        <member name="M:Virtuesoft.Framework.Gateaway.Extensions.Extensions.UseGateaway(Microsoft.AspNetCore.Builder.IApplicationBuilder,System.Action{Virtuesoft.Framework.Gateaway.GateawayOption})">
            <summary>
            注册接口中间件
            </summary>
            <param name="app"></param>
            <param name="option"></param>
            <returns></returns>
        </member>
        <member name="M:Virtuesoft.Framework.Gateaway.Extensions.Extensions.RequestService``1(Microsoft.AspNetCore.Http.HttpContext)">
            <summary>
            获取一个服务
            </summary>
            <typeparam name="T"></typeparam>
            <param name="httpContext"></param>
            <returns></returns>
        </member>
        <member name="M:Virtuesoft.Framework.Gateaway.Extensions.Extensions.ExcuteResult(Microsoft.AspNetCore.Http.HttpContext,System.Object)">
            <summary>
            返回执行结果
            </summary>
            <param name="httpContext"></param>
            <param name="data"></param>
            <returns></returns>
        </member>
        <member name="M:Virtuesoft.Framework.Gateaway.Extensions.Extensions.Display(System.Reflection.ParameterInfo)">
            <summary>
            获取参数的描述信息
            </summary>
            <param name="parameter"></param>
            <returns></returns>
        </member>
        <member name="M:Virtuesoft.Framework.Gateaway.Extensions.Extensions.Parameters(Virtuesoft.Framework.Gateaway.MethodDescriptor)">
            <summary>
            获取所有参数的描述信息
            </summary>
            <param name="actionDescriptor"></param>
            <returns></returns>
        </member>
        <member name="M:Virtuesoft.Framework.Gateaway.Extensions.Extensions.ResultParameters(Virtuesoft.Framework.Gateaway.MethodDescriptor)">
            <summary>
            返回值描述
            </summary>
            <param name="actionDescriptor"></param>
            <returns></returns>
        </member>
        <member name="M:Virtuesoft.Framework.Gateaway.Extensions.Extensions.IsCallback(Microsoft.AspNetCore.Http.HttpContext)">
            <summary>
            是否是会掉函数
            </summary>
            <param name="httpContext"></param>
            <returns></returns>
        </member>
        <member name="T:Virtuesoft.Framework.Gateaway.GateawayBase">
            <summary>
            接口基类,实现基本方法
            </summary>
        </member>
        <member name="P:Virtuesoft.Framework.Gateaway.GateawayBase.Display">
            <summary>
            接口名称
            </summary>
        </member>
        <member name="P:Virtuesoft.Framework.Gateaway.GateawayBase.Controller">
            <summary>
            接口唯一标识
            </summary>
        </member>
        <member name="P:Virtuesoft.Framework.Gateaway.GateawayBase.Context">
            <summary>
            上下文对象
            </summary>
        </member>
        <member name="M:Virtuesoft.Framework.Gateaway.GateawayBase.Result(System.Boolean,System.Int32,System.String,System.Object)">
            <summary>
            返回执行结果
            </summary>
            <param name="s">执行状态</param>
            <param name="c">状态码</param>
            <param name="m">消息</param>
            <param name="d">返回数据</param>
            <returns>object</returns>
        </member>
        <member name="M:Virtuesoft.Framework.Gateaway.GateawayBase.Error(System.String,System.Object)">
            <summary>
            返回执行错误
            </summary>
            <param name="message">错误消息</param>
            <param name="d">数据</param>
            <returns>object</returns>
        </member>
        <member name="M:Virtuesoft.Framework.Gateaway.GateawayBase.Error``1(System.String,System.Object)">
            <summary>
            返回错误
            </summary>
            <typeparam name="T"></typeparam>
            <param name="message"></param>
            <param name="d"></param>
            <returns></returns>
        </member>
        <member name="M:Virtuesoft.Framework.Gateaway.GateawayBase.Success(System.Object,System.String)">
            <summary>
            返回执行成功
            </summary>
            <param name="d">返回数据</param>
            <param name="message">执行消息</param>
            <returns>object</returns>
        </member>
        <member name="M:Virtuesoft.Framework.Gateaway.GateawayBase.Success``1(System.Object,System.String)">
            <summary>
            
            </summary>
            <typeparam name="T"></typeparam>
            <param name="d"></param>
            <param name="message"></param>
            <returns></returns>
        </member>
        <member name="T:Virtuesoft.Framework.Gateaway.GateawayLogMiddelware">
            <summary>
            日志记录中间件
            </summary>
        </member>
        <member name="P:Virtuesoft.Framework.Gateaway.GateawayLogMiddelware.Next">
            <summary>
            下一个中间件
            </summary>
        </member>
        <member name="M:Virtuesoft.Framework.Gateaway.GateawayLogMiddelware.#ctor(Microsoft.AspNetCore.Http.RequestDelegate)">
            <summary>
            实例化
            </summary>
            <param name="next"></param>
        </member>
        <member name="M:Virtuesoft.Framework.Gateaway.GateawayLogMiddelware.Invoke(Microsoft.AspNetCore.Http.HttpContext)">
            <summary>
            执行
            </summary>
            <param name="context"></param>
            <returns></returns>
        </member>
        <member name="T:Virtuesoft.Framework.Gateaway.Operation">
            <summary>
            操作详细
            </summary>
        </member>
        <member name="P:Virtuesoft.Framework.Gateaway.Operation.Id">
            <summary>
            id
            </summary>
        </member>
        <member name="P:Virtuesoft.Framework.Gateaway.Operation.Creator">
            <summary>
            创建者
            </summary>
        </member>
        <member name="P:Virtuesoft.Framework.Gateaway.Operation.IP">
            <summary>
            当前操作的IP
            </summary>
        </member>
        <member name="P:Virtuesoft.Framework.Gateaway.Operation.Method">
            <summary>
            操作方法
            </summary>
        </member>
        <member name="P:Virtuesoft.Framework.Gateaway.Operation.Path">
            <summary>
            访问路径
            </summary>
        </member>
        <member name="P:Virtuesoft.Framework.Gateaway.Operation.OperationName">
            <summary>
            操作名称
            </summary>
        </member>
        <member name="P:Virtuesoft.Framework.Gateaway.Operation.UserID">
            <summary>
            用户ID
            </summary>
        </member>
        <member name="P:Virtuesoft.Framework.Gateaway.Operation.Data">
            <summary>
            数据
            </summary>
        </member>
        <member name="P:Virtuesoft.Framework.Gateaway.Operation.UserAgent">
            <summary>
            用户浏览器代理
            </summary>
        </member>
        <member name="T:Virtuesoft.Framework.Gateaway.MemoryWrappedHttpResponseStream">
            <summary>
            输入流
            </summary>
        </member>
        <member name="T:Virtuesoft.Framework.Gateaway.GateawayMiddleware">
            <summary>
            接口中间件
            </summary>
        </member>
        <member name="P:Virtuesoft.Framework.Gateaway.GateawayMiddleware.Name">
            <summary>
            接口名称
            </summary>
        </member>
        <member name="P:Virtuesoft.Framework.Gateaway.GateawayMiddleware.Next">
            <summary>
            下一个中间件
            </summary>
        </member>
        <member name="M:Virtuesoft.Framework.Gateaway.GateawayMiddleware.#ctor(Microsoft.AspNetCore.Http.RequestDelegate,System.IServiceProvider)">
            <summary>
            
            </summary>
            <param name="next"></param>
            <param name="services"></param>
        </member>
        <member name="M:Virtuesoft.Framework.Gateaway.GateawayMiddleware.Result(System.Boolean,System.Int32,System.String,System.Object)">
            <summary>
            执行结果
            </summary>
            <param name="s"></param>
            <param name="c"></param>
            <param name="m"></param>
            <param name="d"></param>
            <returns></returns>
        </member>
        <member name="M:Virtuesoft.Framework.Gateaway.GateawayMiddleware.Error(System.String,System.Object)">
            <summary>
            返回错误
            </summary>
            <param name="message"></param>
            <param name="d"></param>
            <returns></returns>
        </member>
        <member name="M:Virtuesoft.Framework.Gateaway.GateawayMiddleware.Success(System.Object,System.String)">
            <summary>
            执行成功
            </summary>
            <param name="d"></param>
            <param name="message"></param>
            <returns></returns>
        </member>
        <member name="M:Virtuesoft.Framework.Gateaway.GateawayMiddleware.Execute(System.Reflection.MethodInfo,System.Object,System.Object[])">
            <summary>
            执行接口
            </summary>
            <param name="method"></param>
            <param name="instance"></param>
            <param name="prameters"></param>
        </member>
        <member name="M:Virtuesoft.Framework.Gateaway.GateawayMiddleware.Invoke(Microsoft.AspNetCore.Http.HttpContext)">
            <summary>
            执行
            </summary>
            <param name="httpContext"></param>
            <returns></returns>
        </member>
        <member name="M:Virtuesoft.Framework.Gateaway.GateawayMiddleware.Execute(Microsoft.AspNetCore.Http.HttpContext)">
            <summary>
            执行并返回结果
            </summary>
            <param name="httpContext"></param>
            <returns></returns>
        </member>
        <member name="T:Virtuesoft.Framework.Gateaway.DefaultGateawayMiddleware">
            <summary>
            默认接口中间件
            </summary>
        </member>
        <member name="M:Virtuesoft.Framework.Gateaway.DefaultGateawayMiddleware.#ctor(Microsoft.AspNetCore.Http.RequestDelegate,System.IServiceProvider)">
            <summary>
            
            </summary>
            <param name="next"></param>
            <param name="services"></param>
        </member>
        <member name="T:Virtuesoft.Framework.Gateaway.GateawayOption">
            <summary>
            接口配置
            </summary>
        </member>
        <member name="M:Virtuesoft.Framework.Gateaway.GateawayOption.VerifySign(System.Collections.Generic.IDictionary{System.String,System.String},Microsoft.AspNetCore.Http.HttpContext)">
            <summary>
            验证签名
            </summary>
            <param name="forms"></param>
            <param name="httpContext"></param>
            <returns></returns>
        </member>
        <member name="F:Virtuesoft.Framework.Gateaway.GateawayOption.OnVerifySign">
            <summary>
            验证签名
            </summary>
        </member>
        <member name="M:Virtuesoft.Framework.Gateaway.GateawayOption.VerifyPrameters(System.Collections.Generic.IDictionary{System.String,System.String},Microsoft.AspNetCore.Http.HttpContext)">
            <summary>
            验证必要参数
            </summary>
        </member>
        <member name="F:Virtuesoft.Framework.Gateaway.GateawayOption.OnVerifyPrameters">
            <summary>
            验证必要参数
            </summary>
        </member>
        <member name="M:Virtuesoft.Framework.Gateaway.GateawayOption.FormatResult(System.Boolean,System.Int32,System.String,System.Object)">
            <summary>
            格式化返回值
            </summary>
        </member>
        <member name="F:Virtuesoft.Framework.Gateaway.GateawayOption.OnFormatResult">
            <summary>
            格式化返回值
            </summary>
        </member>
        <member name="M:Virtuesoft.Framework.Gateaway.GateawayOption.BeginRequest(Virtuesoft.Framework.Gateaway.Operation,Microsoft.AspNetCore.Http.HttpContext)">
            <summary>
            访问开始
            </summary>
        </member>
        <member name="F:Virtuesoft.Framework.Gateaway.GateawayOption.OnBeginRequest">
            <summary>
            访问开始
            </summary>
        </member>
        <member name="M:Virtuesoft.Framework.Gateaway.GateawayOption.EndReqeust(Virtuesoft.Framework.Gateaway.Operation,Microsoft.AspNetCore.Http.HttpContext)">
            <summary>
            访问结束
            </summary>
        </member>
        <member name="F:Virtuesoft.Framework.Gateaway.GateawayOption.OnEndReqeust">
            <summary>
            访问结束
            </summary>
        </member>
        <member name="M:Virtuesoft.Framework.Gateaway.GateawayOption.VerifyIP(Microsoft.AspNetCore.Http.HttpContext,System.String)">
            <summary>
            验证ip地址是否允许访问接口
            </summary>
        </member>
        <member name="F:Virtuesoft.Framework.Gateaway.GateawayOption.OnVerifyIP">
            <summary>
            验证ip地址是否允许访问接口
            </summary>
        </member>
        <member name="T:Virtuesoft.Framework.Gateaway.GateawayRoute">
            <summary>
            默认路由接口
            </summary>
        </member>
        <member name="F:Virtuesoft.Framework.Gateaway.GateawayRoute.actionDescriptorCollection">
            <summary>
            接口描述缓存器
            </summary>
        </member>
        <member name="M:Virtuesoft.Framework.Gateaway.GateawayRoute.#ctor(System.IServiceProvider,Microsoft.Extensions.DependencyInjection.IServiceCollection)">
            <summary>
            
            </summary>
            <param name="serviceProvider"></param>
            <param name="serviceCollection"></param>
        </member>
        <member name="M:Virtuesoft.Framework.Gateaway.GateawayRoute.ActionDescriptorParser(System.IServiceProvider,System.Collections.Generic.IEnumerable{Microsoft.Extensions.DependencyInjection.ServiceDescriptor})">
            <summary>
            过滤并保存所有满足条件的接口方法
            </summary>
            <param name="serviceProvider"></param>
            <param name="services"></param>
            <returns></returns>
        </member>
        <member name="M:Virtuesoft.Framework.Gateaway.GateawayRoute.Invoke(Microsoft.AspNetCore.Http.HttpContext)">
            <summary>
            匹配满足条件的接口方法
            </summary>
            <param name="httpContext"></param>
            <returns></returns>
        </member>
        <member name="P:Virtuesoft.Framework.Gateaway.GateawayRoute.Items">
            <summary>
            获取所有已经缓存的接口方法
            </summary>
        </member>
        <member name="T:Virtuesoft.Framework.Gateaway.IGateaway">
            <summary>
            接口
            </summary>
        </member>
        <member name="P:Virtuesoft.Framework.Gateaway.IGateaway.Display">
            <summary>
            接口名称
            </summary>
        </member>
        <member name="P:Virtuesoft.Framework.Gateaway.IGateaway.Controller">
            <summary>
            接口控制器名称
            如order
            </summary>
        </member>
        <member name="P:Virtuesoft.Framework.Gateaway.IGateaway.Context">
            <summary>
            获取 HttpContext
            </summary>
        </member>
        <member name="T:Virtuesoft.Framework.Gateaway.IGateawayMiddleware">
            <summary>
            接口
            </summary>
        </member>
        <member name="P:Virtuesoft.Framework.Gateaway.IGateawayMiddleware.Next">
            <summary>
            下一个中间件
            </summary>
        </member>
        <member name="M:Virtuesoft.Framework.Gateaway.IGateawayMiddleware.Invoke(Microsoft.AspNetCore.Http.HttpContext)">
            <summary>
            调用执行
            </summary>
            <param name="httpContext"></param>
            <returns></returns>
        </member>
        <member name="T:Virtuesoft.Framework.Gateaway.IGateawayRoute">
            <summary>
            接口路由器
            </summary>
        </member>
        <member name="M:Virtuesoft.Framework.Gateaway.IGateawayRoute.ActionDescriptorParser(System.IServiceProvider,System.Collections.Generic.IEnumerable{Microsoft.Extensions.DependencyInjection.ServiceDescriptor})">
            <summary>
            方法过滤器
            </summary>
            <param name="serviceProvider"></param>
            <param name="services"></param>
            <returns></returns>
        </member>
        <member name="M:Virtuesoft.Framework.Gateaway.IGateawayRoute.Invoke(Microsoft.AspNetCore.Http.HttpContext)">
            <summary>
            查找满足条件的接口方法
            </summary>
            <param name="httpContext"></param>
            <returns></returns>
        </member>
        <member name="P:Virtuesoft.Framework.Gateaway.IGateawayRoute.Items">
            <summary>
            方法缓存器
            </summary>
        </member>
        <member name="T:Virtuesoft.Framework.Gateaway.MethodDescriptor">
            <summary>
            接口方法描述器
            </summary>
        </member>
        <member name="M:Virtuesoft.Framework.Gateaway.MethodDescriptor.#ctor(Virtuesoft.Framework.Gateaway.IGateaway,System.Reflection.MethodInfo)">
            <summary>
            实例化
            </summary>
            <param name="gateaway"></param>
            <param name="method"></param>
        </member>
        <member name="P:Virtuesoft.Framework.Gateaway.MethodDescriptor.IsShow">
            <summary>
            是否显示到文档
            </summary>
        </member>
        <member name="P:Virtuesoft.Framework.Gateaway.MethodDescriptor.Name">
            <summary>
            方法名称
            </summary>
        </member>
        <member name="P:Virtuesoft.Framework.Gateaway.MethodDescriptor.Display">
            <summary>
            方法描述
            </summary>
        </member>
        <member name="P:Virtuesoft.Framework.Gateaway.MethodDescriptor.Gateaway">
            <summary>
            所属接口类型
            </summary>
        </member>
        <member name="P:Virtuesoft.Framework.Gateaway.MethodDescriptor.Method">
            <summary>
            方法
            </summary>
        </member>
        <member name="P:Virtuesoft.Framework.Gateaway.MethodDescriptor.Parameter">
            <summary>
            方法参数
            </summary>
        </member>
        <member name="M:Virtuesoft.Framework.Gateaway.MethodDescriptor.CreateParameters(Microsoft.AspNetCore.Http.HttpContext)">
            <summary>
            创建方法执行参数
            </summary>
            <param name="httpContext"></param>
            <returns></returns>
        </member>
        <member name="P:Virtuesoft.Framework.Gateaway.MethodDescriptor.Result">
            <summary>
            方法返回值
            </summary>
        </member>
        <member name="T:Virtuesoft.Framework.Gateaway.MethodDescriptorCollection">
            <summary>
            方法描述集合
            </summary>
        </member>
        <member name="P:Virtuesoft.Framework.Gateaway.MethodDescriptorCollection.Items">
            <summary>
            获取所有接口方法
            </summary>
        </member>
        <member name="T:Virtuesoft.Framework.Gateaway.MethodDisplayAttribute">
            <summary>
            方法的显示属性
            可以将方法不公开给文档
            也可以定义该方法不允许外包调用
            </summary>
        </member>
        <member name="P:Virtuesoft.Framework.Gateaway.MethodDisplayAttribute.Name">
            <summary>
            方法路由名称
            如 app.phone.net
            </summary>
        </member>
        <member name="P:Virtuesoft.Framework.Gateaway.MethodDisplayAttribute.ShowEnable">
            <summary>
            是否显示到文档
            </summary>
        </member>
        <member name="P:Virtuesoft.Framework.Gateaway.MethodDisplayAttribute.CallEnable">
            <summary>
            允许外部调用
            </summary>
        </member>
        <member name="P:Virtuesoft.Framework.Gateaway.MethodDisplayAttribute.Display">
            <summary>
            方法描述
            </summary>
        </member>
        <member name="T:Virtuesoft.Framework.Gateaway.ParameterDisplayAttribute">
            <summary>
            参数属性
            </summary>
        </member>
        <member name="M:Virtuesoft.Framework.Gateaway.ParameterDisplayAttribute.#ctor(System.String,System.String,System.String,System.Boolean,System.String)">
             <summary>
            
             </summary>
             <param name="Name"></param>
             <param name="Type"></param>
             <param name="Display"></param>
             <param name="Required"></param>
             <param name="Default"></param>
        </member>
        <member name="M:Virtuesoft.Framework.Gateaway.ParameterDisplayAttribute.#ctor">
            <summary>
            
            </summary>
        </member>
        <member name="M:Virtuesoft.Framework.Gateaway.ParameterDisplayAttribute.#ctor(System.String)">
            <summary>
            
            </summary>
            <param name="Name"></param>
        </member>
        <member name="M:Virtuesoft.Framework.Gateaway.ParameterDisplayAttribute.#ctor(System.String,System.String)">
            <summary>
            
            </summary>
            <param name="Name"></param>
            <param name="Type"></param>
        </member>
        <member name="M:Virtuesoft.Framework.Gateaway.ParameterDisplayAttribute.#ctor(System.String,System.String,System.String)">
            <summary>
            
            </summary>
            <param name="Name"></param>
            <param name="Type"></param>
            <param name="Display"></param>
        </member>
        <member name="M:Virtuesoft.Framework.Gateaway.ParameterDisplayAttribute.#ctor(System.String,System.String,System.String,System.Boolean)">
            <summary>
            
            </summary>
            <param name="Name"></param>
            <param name="Type"></param>
            <param name="Display"></param>
            <param name="Required"></param>
        </member>
        <member name="P:Virtuesoft.Framework.Gateaway.ParameterDisplayAttribute.Name">
            <summary>
            参数名称
            </summary>
        </member>
        <member name="P:Virtuesoft.Framework.Gateaway.ParameterDisplayAttribute.Type">
            <summary>
            参数类型
            </summary>
        </member>
        <member name="P:Virtuesoft.Framework.Gateaway.ParameterDisplayAttribute.Display">
            <summary>
            参数描述
            </summary>
        </member>
        <member name="P:Virtuesoft.Framework.Gateaway.ParameterDisplayAttribute.Required">
            <summary>
            是否必填
            </summary>
        </member>
        <member name="P:Virtuesoft.Framework.Gateaway.ParameterDisplayAttribute.Default">
            <summary>
            默认值
            </summary>
        </member>
        <member name="T:Virtuesoft.Framework.Gateaway.ParameterDisplay">
            <summary>
            参数描述
            </summary>
        </member>
        <member name="P:Virtuesoft.Framework.Gateaway.ParameterDisplay.name">
            <summary>
            名称
            </summary>
        </member>
        <member name="P:Virtuesoft.Framework.Gateaway.ParameterDisplay.type">
            <summary>
            类型
            </summary>
        </member>
        <member name="P:Virtuesoft.Framework.Gateaway.ParameterDisplay.required">
            <summary>
            是否必填
            </summary>
        </member>
        <member name="P:Virtuesoft.Framework.Gateaway.ParameterDisplay.default">
            <summary>
            默认值
            </summary>
        </member>
        <member name="P:Virtuesoft.Framework.Gateaway.ParameterDisplay.display">
            <summary>
            描述
            </summary>
        </member>
        <member name="P:Virtuesoft.Framework.Gateaway.ParameterDisplay.Propertys">
            <summary>
            所有属性
            </summary>
        </member>
    </members>
</doc>
